Round_Centre_Code,FSU_Serial_No,Round,Sch_No,Sample,Sector,State_Region,District,Stratum,Sub_Stratum_No,Filler_1,Sub_Round,Sub_Sample,FOD_Sub_Region,Hamlet_Group_Sub_Block_No,Second_Stage_Stratum_No,Sample_Hhld_No,Level,Filler_2,HH_Size,NIC_2008,NCO_2004,HH_Type,Religion,Social_Group,Land_Owned,Land_Possessed,Land_Cultivated,NREG_Job_Card,No_NREG_Card,Saving_Bank_Held_by_any_member,Spl_characters_for_OK_stamp,Blank,NSS,NSC,MLT,NSS_SR,NSC_SR,MLT_SR,Household_Type,State,District_code,Multiplier_comb
RC-1,FSU-67268,Round 62,SCH-165,Sample 1,Rural,Haryana,Surat,Stratum-10,Sub-Stratum-5,N/A,Sub-Round 2,Sub-Sample 2,FOD-150,Block-1,Stage-2,HH-1,Level 1,N/A,3,Land transport,Shop Keeper,Regular Wage/Salary,Buddhism,Scheduled Caste (SC),6.2 acres,46.2 acres,21.5 acres,Yes,5,Yes,OK,,NSS-7,NSC-14,478633.18,SR-3,SR-3,108949.3,Joint Family,Haryana,DT-184,1904.375
RC-3,FSU-13648,Round 73,SCH-199,Sample 2,Urban,Madhya Pradesh,Ambala,Stratum-10,Sub-Stratum-3,N/A,Sub-Round 2,Sub-Sample 1,FOD-856,Block-3,Stage-3,HH-3,Level 2,N/A,8,Construction of buildings,Mason/Construction Worker,Regular Wage/Salary,Others,Other Backward Class (OBC),24.5 acres,40.7 acres,17.4 acres,Yes,0,No,OK,,NSS-16,NSC-11,377025.16,SR-4,SR-2,836343.53,Nuclear Family,Madhya Pradesh,DT-392,849.497
RC-5,FSU-48014,Round 65,SCH-112,Sample 1,Rural,Odisha,Agra,Stratum-9,Sub-Stratum-4,N/A,Sub-Round 1,Sub-Sample 2,FOD-147,Block-5,Stage-2,HH-6,Level 3,N/A,6,Forestry and logging,Mason/Construction Worker,Self-employed in Non-Agriculture,Others,Scheduled Tribe (ST),29.9 acres,27.7 acres,9.0 acres,No,1,No,Pending,,NSS-16,NSC-2,210048.39,SR-1,SR-1,589711.96,Joint Family,Odisha,DT-531,1111.812
RC-2,FSU-70923,Round 70,SCH-143,Sample 2,Urban,Odisha,Ambala,Stratum-2,Sub-Stratum-2,N/A,Sub-Round 1,Sub-Sample 2,FOD-377,Block-3,Stage-3,HH-5,Level 2,N/A,7,Hospital activities,Mason/Construction Worker,Others,Jainism,Scheduled Tribe (ST),37.6 acres,23.9 acres,30.0 acres,Yes,0,No,Pending,,NSS-15,NSC-5,209998.43,SR-5,SR-3,635967.62,Nuclear Family,Odisha,DT-685,1719.677
RC-1,FSU-47115,Round 68,SCH-137,Sample 1,Rural,Bihar,Pune,Stratum-2,Sub-Stratum-4,N/A,Sub-Round 1,Sub-Sample 2,FOD-804,Block-2,Stage-3,HH-2,Level 3,N/A,10,Land transport,Manager,Other Labour,Islam,Other Backward Class (OBC),16.2 acres,41.8 acres,1.2 acres,No,0,Yes,OK,,NSS-7,NSC-2,316687.3,SR-5,SR-3,478445.8,Extended Family,Bihar,DT-610,1185.292
RC-5,FSU-24958,Round 62,SCH-137,Sample 1,Rural,Andhra Pradesh,Surat,Stratum-9,Sub-Stratum-2,N/A,Sub-Round 1,Sub-Sample 2,FOD-324,Block-3,Stage-3,HH-5,Level 3,N/A,6,Financial services,Blacksmith,Agricultural Labour,Christianity,Scheduled Caste (SC),15.6 acres,11.9 acres,27.7 acres,No,5,Yes,Pending,,NSS-2,NSC-21,284857.8,SR-3,SR-5,450530.83,Nuclear Family,Andhra Pradesh,DT-986,583.764
RC-2,FSU-81924,Round 65,SCH-144,Sample 2,Urban,Assam,Mysuru,Stratum-4,Sub-Stratum-2,N/A,Sub-Round 2,Sub-Sample 2,FOD-922,Block-3,Stage-1,HH-1,Level 1,N/A,1,Mining of coal,Carpenter,Agricultural Labour,Buddhism,Other Backward Class (OBC),39.8 acres,35.1 acres,29.2 acres,No,5,Yes,OK,,NSS-12,NSC-24,451286.06,SR-2,SR-2,800780.93,Single Member,Assam,DT-504,713.6
RC-4,FSU-21198,Round 74,SCH-170,Sample 2,Rural,Madhya Pradesh,Agra,Stratum-7,Sub-Stratum-3,N/A,Sub-Round 2,Sub-Sample 2,FOD-747,Block-4,Stage-3,HH-1,Level 1,N/A,11,Hospital activities,Carpenter,Self-employed in Agriculture,Christianity,General/Others,16.8 acres,46.0 acres,1.7 acres,Yes,2,Yes,Pending,,NSS-17,NSC-2,90491.32,SR-1,SR-2,743415.31,Nuclear Family,Madhya Pradesh,DT-500,622.042
RC-2,FSU-41229,Round 64,SCH-140,Sample 1,Urban,West Bengal,Bhubaneswar,Stratum-10,Sub-Stratum-4,N/A,Sub-Round 1,Sub-Sample 2,FOD-736,Block-1,Stage-3,HH-1,Level 1,N/A,5,Construction of buildings,Blacksmith,Other Labour,Others,Scheduled Tribe (ST),3.7 acres,26.9 acres,0.9 acres,Yes,2,Yes,Pending,,NSS-6,NSC-8,287425.92,SR-2,SR-1,400225.47,Joint Family,West Bengal,DT-676,1274.792
RC-5,FSU-54396,Round 63,SCH-104,Sample 2,Urban,West Bengal,Guwahati,Stratum-7,Sub-Stratum-5,N/A,Sub-Round 3,Sub-Sample 2,FOD-794,Block-2,Stage-1,HH-2,Level 3,N/A,12,Forestry and logging,Nurse,Agricultural Labour,Jainism,Scheduled Caste (SC),7.6 acres,5.6 acres,4.3 acres,No,2,Yes,OK,,NSS-17,NSC-5,90458.56,SR-2,SR-2,633999.32,Nuclear Family,West Bengal,DT-890,1402.509
RC-5,FSU-43053,Round 62,SCH-184,Sample 1,Rural,West Bengal,Lucknow,Stratum-7,Sub-Stratum-2,N/A,Sub-Round 1,Sub-Sample 1,FOD-100,Block-5,Stage-3,HH-7,Level 2,N/A,3,Fishing and aquaculture,Domestic Helper,Others,Christianity,General/Others,45.2 acres,9.3 acres,25.4 acres,Yes,1,No,OK,,NSS-4,NSC-1,155489.29,SR-5,SR-1,538300.67,Single Member,West Bengal,DT-293,1323.493
RC-2,FSU-68186,Round 74,SCH-138,Sample 2,Urban,Gujarat,Jaipur,Stratum-2,Sub-Stratum-2,N/A,Sub-Round 1,Sub-Sample 1,FOD-685,Block-3,Stage-2,HH-6,Level 1,N/A,12,Crop and animal production,Office Clerk,Regular Wage/Salary,Christianity,Other Backward Class (OBC),17.4 acres,34.7 acres,1.7 acres,No,2,No,OK,,NSS-7,NSC-14,228036.04,SR-1,SR-5,706542.14,Single Member,Gujarat,DT-940,1107.26
RC-4,FSU-73278,Round 69,SCH-137,Sample 2,Rural,Andhra Pradesh,Dehradun,Stratum-9,Sub-Stratum-5,N/A,Sub-Round 3,Sub-Sample 1,FOD-106,Block-5,Stage-1,HH-8,Level 1,N/A,3,Retail trade,Engineer,Regular Wage/Salary,Jainism,Other Backward Class (OBC),4.9 acres,19.0 acres,2.2 acres,No,0,Yes,Pending,,NSS-6,NSC-25,211301.79,SR-3,SR-2,227852.29,Extended Family,Andhra Pradesh,DT-711,1565.269
RC-4,FSU-31217,Round 65,SCH-186,Sample 1,Urban,Haryana,Mysuru,Stratum-7,Sub-Stratum-2,N/A,Sub-Round 4,Sub-Sample 2,FOD-577,Block-5,Stage-3,HH-2,Level 3,N/A,3,Construction of buildings,Engineer,Other Labour,Jainism,Other Backward Class (OBC),13.2 acres,13.8 acres,16.4 acres,Yes,3,Yes,Pending,,NSS-14,NSC-3,441510.87,SR-4,SR-5,130661.02,Extended Family,Haryana,DT-889,1653.065
RC-2,FSU-86014,Round 64,SCH-113,Sample 1,Rural,Uttar Pradesh,Hyderabad,Stratum-1,Sub-Stratum-4,N/A,Sub-Round 2,Sub-Sample 1,FOD-290,Block-3,Stage-1,HH-4,Level 3,N/A,8,Crop and animal production,Driver,Others,Hinduism,Scheduled Caste (SC),40.0 acres,2.9 acres,29.7 acres,Yes,1,No,Pending,,NSS-5,NSC-12,269846.9,SR-4,SR-2,601300.25,Joint Family,Uttar Pradesh,DT-159,1867.678
RC-3,FSU-33979,Round 67,SCH-192,Sample 2,Urban,Gujarat,Ranchi,Stratum-4,Sub-Stratum-1,N/A,Sub-Round 1,Sub-Sample 1,FOD-193,Block-4,Stage-1,HH-7,Level 1,N/A,5,Land transport,Shop Keeper,Regular Wage/Salary,Islam,General/Others,40.1 acres,17.7 acres,14.5 acres,No,5,No,OK,,NSS-12,NSC-5,297584.99,SR-5,SR-4,292627.48,Extended Family,Gujarat,DT-178,1170.6
RC-4,FSU-39001,Round 66,SCH-149,Sample 1,Urban,Assam,Mysuru,Stratum-3,Sub-Stratum-3,N/A,Sub-Round 4,Sub-Sample 1,FOD-958,Block-5,Stage-1,HH-7,Level 2,N/A,11,Crop and animal production,Teacher,Other Labour,Christianity,Other Backward Class (OBC),27.5 acres,47.3 acres,11.5 acres,Yes,0,No,Pending,,NSS-9,NSC-25,162173.36,SR-5,SR-5,799129.1,Single Member,Assam,DT-497,583.039
RC-3,FSU-94488,Round 68,SCH-135,Sample 2,Rural,Jharkhand,Guwahati,Stratum-6,Sub-Stratum-3,N/A,Sub-Round 3,Sub-Sample 1,FOD-714,Block-1,Stage-2,HH-8,Level 2,N/A,6,Crop and animal production,Teacher,Self-employed in Agriculture,Jainism,General/Others,46.0 acres,22.4 acres,11.9 acres,Yes,5,No,OK,,NSS-18,NSC-11,133174.22,SR-1,SR-3,123020.64,Nuclear Family,Jharkhand,DT-796,1112.976
RC-4,FSU-13902,Round 65,SCH-141,Sample 1,Urban,Kerala,Kozhikode,Stratum-2,Sub-Stratum-5,N/A,Sub-Round 3,Sub-Sample 1,FOD-895,Block-5,Stage-3,HH-4,Level 3,N/A,6,Forestry and logging,Teacher,Self-employed in Agriculture,Others,Other Backward Class (OBC),12.7 acres,44.1 acres,21.9 acres,No,4,No,OK,,NSS-15,NSC-2,180588.04,SR-5,SR-4,745236.49,Extended Family,Kerala,DT-589,1298.824
RC-4,FSU-52929,Round 62,SCH-167,Sample 2,Rural,Rajasthan,Chennai,Stratum-10,Sub-Stratum-3,N/A,Sub-Round 1,Sub-Sample 1,FOD-421,Block-2,Stage-3,HH-7,Level 1,N/A,4,Land transport,Domestic Helper,Others,Jainism,General/Others,37.0 acres,28.3 acres,12.7 acres,No,3,No,OK,,NSS-7,NSC-28,193280.63,SR-4,SR-1,173804.78,Nuclear Family,Rajasthan,DT-754,1047.958
RC-2,FSU-56179,Round 64,SCH-128,Sample 1,Rural,Madhya Pradesh,Ambala,Stratum-4,Sub-Stratum-1,N/A,Sub-Round 4,Sub-Sample 2,FOD-126,Block-5,Stage-3,HH-1,Level 1,N/A,5,Crop and animal production,Nurse,Self-employed in Non-Agriculture,Sikhism,General/Others,40.1 acres,13.7 acres,12.2 acres,Yes,1,Yes,Pending,,NSS-11,NSC-28,270763.61,SR-1,SR-1,624284.57,Single Member,Madhya Pradesh,DT-519,158.897
RC-3,FSU-67284,Round 72,SCH-132,Sample 2,Urban,Jharkhand,Ludhiana,Stratum-7,Sub-Stratum-5,N/A,Sub-Round 2,Sub-Sample 2,FOD-349,Block-4,Stage-1,HH-3,Level 2,N/A,12,Mining of coal,Manager,Regular Wage/Salary,Sikhism,Other Backward Class (OBC),13.8 acres,49.7 acres,22.0 acres,No,2,No,OK,,NSS-9,NSC-19,57953.71,SR-2,SR-1,888140.89,Extended Family,Jharkhand,DT-600,1572.412
RC-4,FSU-99555,Round 65,SCH-108,Sample 2,Rural,Punjab,Chennai,Stratum-3,Sub-Stratum-4,N/A,Sub-Round 4,Sub-Sample 1,FOD-612,Block-4,Stage-2,HH-2,Level 2,N/A,3,Fishing and aquaculture,Agricultural Labourer,Self-employed in Agriculture,Buddhism,Scheduled Caste (SC),33.6 acres,41.0 acres,4.8 acres,Yes,1,Yes,Pending,,NSS-7,NSC-23,347373.12,SR-4,SR-5,557053.45,Extended Family,Punjab,DT-475,495.002
RC-4,FSU-71862,Round 64,SCH-195,Sample 1,Rural,West Bengal,Guwahati,Stratum-6,Sub-Stratum-4,N/A,Sub-Round 3,Sub-Sample 1,FOD-298,Block-2,Stage-3,HH-1,Level 1,N/A,8,Fishing and aquaculture,Carpenter,Self-employed in Agriculture,Christianity,General/Others,16.6 acres,18.0 acres,2.5 acres,Yes,4,No,Pending,,NSS-3,NSC-14,451816.45,SR-1,SR-2,616370.27,Extended Family,West Bengal,DT-793,774.732
RC-4,FSU-77842,Round 71,SCH-187,Sample 1,Urban,West Bengal,Ludhiana,Stratum-2,Sub-Stratum-1,N/A,Sub-Round 2,Sub-Sample 1,FOD-518,Block-1,Stage-3,HH-1,Level 1,N/A,7,Retail trade,Blacksmith,Others,Islam,General/Others,37.0 acres,13.9 acres,3.9 acres,Yes,2,No,OK,,NSS-18,NSC-8,491437.74,SR-2,SR-2,257046.4,Single Member,West Bengal,DT-144,500.742
RC-5,FSU-87806,Round 63,SCH-106,Sample 2,Rural,Kerala,Dehradun,Stratum-7,Sub-Stratum-1,N/A,Sub-Round 2,Sub-Sample 2,FOD-527,Block-3,Stage-1,HH-4,Level 3,N/A,10,Forestry and logging,Agricultural Labourer,Agricultural Labour,Christianity,Other Backward Class (OBC),10.0 acres,48.6 acres,7.6 acres,No,0,Yes,OK,,NSS-7,NSC-3,190938.45,SR-2,SR-2,466084.1,Nuclear Family,Kerala,DT-444,936.672
RC-2,FSU-21327,Round 74,SCH-147,Sample 1,Urban,Madhya Pradesh,Kolkata,Stratum-10,Sub-Stratum-4,N/A,Sub-Round 2,Sub-Sample 2,FOD-885,Block-3,Stage-3,HH-1,Level 2,N/A,8,Mining of coal,Mason/Construction Worker,Regular Wage/Salary,Hinduism,Other Backward Class (OBC),44.7 acres,25.2 acres,30.7 acres,Yes,1,No,OK,,NSS-1,NSC-5,105934.18,SR-3,SR-5,516320.95,Single Member,Madhya Pradesh,DT-360,1379.103
RC-5,FSU-89479,Round 69,SCH-105,Sample 1,Rural,Gujarat,Ludhiana,Stratum-7,Sub-Stratum-3,N/A,Sub-Round 1,Sub-Sample 2,FOD-974,Block-2,Stage-2,HH-4,Level 1,N/A,3,Mining of coal,Agricultural Labourer,Self-employed in Non-Agriculture,Sikhism,General/Others,8.8 acres,45.2 acres,7.9 acres,Yes,1,Yes,OK,,NSS-5,NSC-3,494522.95,SR-2,SR-1,208329.62,Single Member,Gujarat,DT-626,593.993
RC-4,FSU-38510,Round 66,SCH-156,Sample 2,Urban,Maharashtra,Dehradun,Stratum-6,Sub-Stratum-3,N/A,Sub-Round 3,Sub-Sample 1,FOD-852,Block-5,Stage-1,HH-7,Level 3,N/A,12,Manufacture of textiles,Doctor,Regular Wage/Salary,Others,Other Backward Class (OBC),15.3 acres,49.7 acres,16.8 acres,No,4,Yes,OK,,NSS-19,NSC-19,257012.37,SR-4,SR-4,883080.71,Extended Family,Maharashtra,DT-535,169.2
RC-5,FSU-18840,Round 65,SCH-151,Sample 1,Urban,Tamil Nadu,Patna,Stratum-5,Sub-Stratum-4,N/A,Sub-Round 3,Sub-Sample 2,FOD-719,Block-1,Stage-3,HH-1,Level 2,N/A,5,Manufacture of food products,Engineer,Self-employed in Non-Agriculture,Hinduism,Scheduled Caste (SC),49.6 acres,35.7 acres,7.6 acres,No,5,No,Pending,,NSS-17,NSC-11,55889.97,SR-1,SR-5,393936.82,Nuclear Family,Tamil Nadu,DT-608,1532.119
RC-4,FSU-26977,Round 61,SCH-168,Sample 2,Urban,Andhra Pradesh,Dehradun,Stratum-6,Sub-Stratum-3,N/A,Sub-Round 2,Sub-Sample 2,FOD-459,Block-2,Stage-1,HH-5,Level 1,N/A,12,Financial services,Teacher,Self-employed in Agriculture,Islam,Other Backward Class (OBC),18.0 acres,14.8 acres,18.9 acres,Yes,4,No,Pending,,NSS-12,NSC-9,108033.11,SR-1,SR-5,559865.04,Nuclear Family,Andhra Pradesh,DT-595,908.993
RC-5,FSU-75973,Round 60,SCH-199,Sample 2,Rural,Kerala,Ranchi,Stratum-7,Sub-Stratum-1,N/A,Sub-Round 4,Sub-Sample 1,FOD-217,Block-2,Stage-2,HH-3,Level 3,N/A,7,Restaurant/Hotel,Blacksmith,Self-employed in Non-Agriculture,Islam,Other Backward Class (OBC),36.2 acres,33.7 acres,26.6 acres,No,1,Yes,Pending,,NSS-9,NSC-1,455947.07,SR-4,SR-4,435305.26,Joint Family,Kerala,DT-533,185.194
RC-1,FSU-32726,Round 61,SCH-168,Sample 2,Rural,Jharkhand,Chennai,Stratum-7,Sub-Stratum-3,N/A,Sub-Round 1,Sub-Sample 2,FOD-268,Block-2,Stage-3,HH-4,Level 3,N/A,12,Land transport,Manager,Other Labour,Hinduism,Scheduled Caste (SC),11.6 acres,42.6 acres,11.1 acres,No,2,No,OK,,NSS-5,NSC-10,111370.6,SR-1,SR-5,786959.21,Joint Family,Jharkhand,DT-563,1028.821
RC-4,FSU-22037,Round 72,SCH-171,Sample 2,Urban,Tamil Nadu,Guwahati,Stratum-7,Sub-Stratum-4,N/A,Sub-Round 1,Sub-Sample 1,FOD-782,Block-2,Stage-3,HH-3,Level 3,N/A,11,Mining of coal,Domestic Helper,Regular Wage/Salary,Islam,Other Backward Class (OBC),4.7 acres,44.9 acres,28.7 acres,No,4,No,Pending,,NSS-6,NSC-24,449577.29,SR-3,SR-5,187195.63,Joint Family,Tamil Nadu,DT-802,393.219
RC-3,FSU-67630,Round 70,SCH-135,Sample 2,Rural,Jharkhand,Patna,Stratum-8,Sub-Stratum-1,N/A,Sub-Round 1,Sub-Sample 1,FOD-172,Block-2,Stage-2,HH-8,Level 1,N/A,6,Restaurant/Hotel,Manager,Other Labour,Sikhism,General/Others,12.2 acres,42.5 acres,3.0 acres,Yes,1,Yes,OK,,NSS-10,NSC-16,182446.6,SR-3,SR-2,811983.9,Single Member,Jharkhand,DT-724,858.068
RC-3,FSU-79719,Round 63,SCH-120,Sample 2,Rural,Gujarat,Dehradun,Stratum-4,Sub-Stratum-2,N/A,Sub-Round 2,Sub-Sample 1,FOD-155,Block-2,Stage-3,HH-6,Level 3,N/A,6,Land transport,Carpenter,Agricultural Labour,Buddhism,Other Backward Class (OBC),25.3 acres,35.2 acres,7.8 acres,Yes,1,No,OK,,NSS-17,NSC-23,277164.67,SR-2,SR-2,677189.8,Extended Family,Gujarat,DT-664,1528.415
RC-4,FSU-69425,Round 75,SCH-158,Sample 1,Rural,Odisha,Bhopal,Stratum-4,Sub-Stratum-3,N/A,Sub-Round 2,Sub-Sample 2,FOD-191,Block-3,Stage-2,HH-4,Level 1,N/A,12,Hospital activities,Office Clerk,Agricultural Labour,Islam,Other Backward Class (OBC),41.3 acres,15.9 acres,22.4 acres,No,4,No,Pending,,NSS-16,NSC-28,166618.7,SR-1,SR-5,463282.65,Single Member,Odisha,DT-714,1941.013
RC-5,FSU-97095,Round 61,SCH-108,Sample 1,Rural,Punjab,Ranchi,Stratum-6,Sub-Stratum-5,N/A,Sub-Round 2,Sub-Sample 2,FOD-173,Block-2,Stage-1,HH-5,Level 3,N/A,4,Forestry and logging,Nurse,Self-employed in Non-Agriculture,Sikhism,General/Others,24.6 acres,47.1 acres,9.9 acres,No,1,No,OK,,NSS-1,NSC-12,187978.15,SR-5,SR-4,804950.34,Joint Family,Punjab,DT-924,387.684
RC-3,FSU-73364,Round 65,SCH-160,Sample 1,Rural,Himachal Pradesh,Dehradun,Stratum-8,Sub-Stratum-5,N/A,Sub-Round 2,Sub-Sample 2,FOD-589,Block-5,Stage-3,HH-7,Level 3,N/A,11,Construction of buildings,Farmer/Cultivator,Others,Christianity,Other Backward Class (OBC),12.0 acres,47.6 acres,10.5 acres,Yes,0,Yes,Pending,,NSS-13,NSC-1,389550.34,SR-4,SR-4,453738.91,Single Member,Himachal Pradesh,DT-203,304.649
RC-3,FSU-10379,Round 73,SCH-152,Sample 1,Rural,Karnataka,Dehradun,Stratum-9,Sub-Stratum-5,N/A,Sub-Round 2,Sub-Sample 1,FOD-674,Block-3,Stage-2,HH-6,Level 2,N/A,5,Crop and animal production,Farmer/Cultivator,Agricultural Labour,Others,General/Others,9.4 acres,3.6 acres,25.1 acres,Yes,5,No,OK,,NSS-14,NSC-12,312425.62,SR-3,SR-5,177566.44,Joint Family,Karnataka,DT-634,387.838
RC-5,FSU-65317,Round 68,SCH-131,Sample 1,Rural,Karnataka,Agra,Stratum-7,Sub-Stratum-5,N/A,Sub-Round 4,Sub-Sample 1,FOD-970,Block-1,Stage-2,HH-4,Level 1,N/A,9,Manufacture of food products,Office Clerk,Agricultural Labour,Sikhism,Other Backward Class (OBC),41.2 acres,41.0 acres,2.8 acres,Yes,1,Yes,OK,,NSS-7,NSC-11,191428.73,SR-1,SR-2,467364.99,Joint Family,Karnataka,DT-840,1025.697
RC-1,FSU-70957,Round 71,SCH-183,Sample 2,Rural,Telangana,Raipur,Stratum-5,Sub-Stratum-2,N/A,Sub-Round 2,Sub-Sample 1,FOD-240,Block-2,Stage-1,HH-1,Level 2,N/A,8,Software development,Engineer,Other Labour,Hinduism,General/Others,34.1 acres,44.2 acres,29.4 acres,Yes,3,Yes,OK,,NSS-1,NSC-28,475597.65,SR-5,SR-4,338161.41,Single Member,Telangana,DT-244,1517.247
RC-5,FSU-56635,Round 74,SCH-136,Sample 2,Urban,Jharkhand,Surat,Stratum-7,Sub-Stratum-3,N/A,Sub-Round 3,Sub-Sample 2,FOD-910,Block-3,Stage-1,HH-3,Level 1,N/A,1,Construction of buildings,Carpenter,Other Labour,Christianity,Scheduled Tribe (ST),49.0 acres,1.9 acres,12.2 acres,Yes,0,No,OK,,NSS-4,NSC-30,287600.42,SR-1,SR-3,599651.84,Joint Family,Jharkhand,DT-345,1499.239
RC-3,FSU-64281,Round 66,SCH-159,Sample 1,Rural,Karnataka,Kolkata,Stratum-5,Sub-Stratum-3,N/A,Sub-Round 2,Sub-Sample 1,FOD-172,Block-2,Stage-3,HH-6,Level 3,N/A,5,Software development,Weaver,Others,Others,Scheduled Tribe (ST),20.0 acres,31.4 acres,5.7 acres,No,2,Yes,OK,,NSS-15,NSC-29,124936.95,SR-3,SR-2,347808.23,Extended Family,Karnataka,DT-824,1397.358
RC-2,FSU-81202,Round 65,SCH-180,Sample 1,Rural,Rajasthan,Raipur,Stratum-5,Sub-Stratum-2,N/A,Sub-Round 2,Sub-Sample 2,FOD-845,Block-3,Stage-3,HH-2,Level 1,N/A,4,Retail trade,Shop Keeper,Other Labour,Christianity,Scheduled Caste (SC),10.0 acres,38.4 acres,1.2 acres,Yes,0,No,OK,,NSS-3,NSC-9,273470.67,SR-1,SR-1,312466.22,Extended Family,Rajasthan,DT-662,1793.353
RC-5,FSU-41563,Round 61,SCH-196,Sample 1,Urban,Telangana,Hyderabad,Stratum-4,Sub-Stratum-1,N/A,Sub-Round 4,Sub-Sample 1,FOD-590,Block-4,Stage-1,HH-7,Level 2,N/A,8,Hospital activities,Doctor,Self-employed in Non-Agriculture,Jainism,Other Backward Class (OBC),7.8 acres,33.6 acres,3.5 acres,Yes,3,Yes,OK,,NSS-12,NSC-27,386508.68,SR-1,SR-5,568555.33,Extended Family,Telangana,DT-934,638.128
RC-1,FSU-45179,Round 70,SCH-110,Sample 2,Rural,Kerala,Patna,Stratum-5,Sub-Stratum-1,N/A,Sub-Round 3,Sub-Sample 1,FOD-328,Block-2,Stage-2,HH-4,Level 1,N/A,9,Construction of buildings,Manager,Agricultural Labour,Hinduism,Scheduled Tribe (ST),2.4 acres,49.7 acres,4.4 acres,Yes,0,Yes,Pending,,NSS-5,NSC-9,52088.74,SR-4,SR-5,445196.54,Joint Family,Kerala,DT-137,1213.074
RC-4,FSU-39922,Round 70,SCH-122,Sample 1,Rural,Karnataka,Mysuru,Stratum-9,Sub-Stratum-5,N/A,Sub-Round 3,Sub-Sample 1,FOD-834,Block-4,Stage-2,HH-6,Level 1,N/A,3,Software development,Domestic Helper,Self-employed in Agriculture,Others,Other Backward Class (OBC),41.7 acres,41.6 acres,8.8 acres,Yes,0,No,Pending,,NSS-11,NSC-8,422435.81,SR-2,SR-4,291576.48,Single Member,Karnataka,DT-994,1481.633
RC-2,FSU-64936,Round 70,SCH-108,Sample 1,Rural,Telangana,Patna,Stratum-4,Sub-Stratum-3,N/A,Sub-Round 1,Sub-Sample 2,FOD-721,Block-2,Stage-2,HH-8,Level 2,N/A,4,Retail trade,Doctor,Others,Hinduism,General/Others,9.1 acres,5.4 acres,23.9 acres,No,5,Yes,Pending,,NSS-17,NSC-21,449786.06,SR-1,SR-3,673233.68,Single Member,Telangana,DT-730,1323.479
RC-5,FSU-99670,Round 75,SCH-137,Sample 2,Rural,Jharkhand,Ranchi,Stratum-6,Sub-Stratum-5,N/A,Sub-Round 4,Sub-Sample 2,FOD-876,Block-5,Stage-2,HH-3,Level 3,N/A,3,Software development,Domestic Helper,Agricultural Labour,Hinduism,Scheduled Tribe (ST),5.9 acres,0.7 acres,8.0 acres,Yes,4,No,OK,,NSS-15,NSC-5,218219.9,SR-4,SR-5,737137.38,Single Member,Jharkhand,DT-669,379.159
RC-3,FSU-58903,Round 73,SCH-123,Sample 1,Rural,Kerala,Bhopal,Stratum-1,Sub-Stratum-4,N/A,Sub-Round 3,Sub-Sample 2,FOD-507,Block-2,Stage-3,HH-6,Level 3,N/A,2,Land transport,Weaver,Other Labour,Others,Scheduled Tribe (ST),6.7 acres,38.4 acres,21.2 acres,No,5,No,Pending,,NSS-1,NSC-13,341584.96,SR-4,SR-3,436458.24,Single Member,Kerala,DT-709,439.846
RC-3,FSU-85926,Round 67,SCH-134,Sample 1,Rural,Rajasthan,Hyderabad,Stratum-3,Sub-Stratum-1,N/A,Sub-Round 4,Sub-Sample 1,FOD-469,Block-3,Stage-3,HH-2,Level 1,N/A,2,Mining of coal,Engineer,Regular Wage/Salary,Islam,Scheduled Caste (SC),13.1 acres,20.4 acres,29.6 acres,Yes,4,No,Pending,,NSS-1,NSC-17,180818.98,SR-3,SR-4,139998.43,Joint Family,Rajasthan,DT-808,734.397
RC-4,FSU-15201,Round 71,SCH-146,Sample 1,Urban,Uttarakhand,Agra,Stratum-4,Sub-Stratum-2,N/A,Sub-Round 2,Sub-Sample 1,FOD-822,Block-5,Stage-2,HH-6,Level 2,N/A,11,Retail trade,Teacher,Self-employed in Agriculture,Sikhism,Other Backward Class (OBC),27.1 acres,48.3 acres,28.0 acres,Yes,0,Yes,OK,,NSS-7,NSC-25,215525.42,SR-3,SR-3,266253.59,Joint Family,Uttarakhand,DT-207,1470.261
RC-4,FSU-63422,Round 66,SCH-141,Sample 1,Urban,Telangana,Ranchi,Stratum-3,Sub-Stratum-1,N/A,Sub-Round 1,Sub-Sample 1,FOD-472,Block-3,Stage-3,HH-8,Level 1,N/A,3,Retail trade,Mason/Construction Worker,Other Labour,Christianity,Other Backward Class (OBC),5.8 acres,37.1 acres,7.2 acres,No,4,No,Pending,,NSS-12,NSC-16,253604.07,SR-5,SR-3,371066.95,Single Member,Telangana,DT-178,670.631
RC-1,FSU-82821,Round 68,SCH-108,Sample 1,Rural,Uttarakhand,Hyderabad,Stratum-4,Sub-Stratum-4,N/A,Sub-Round 4,Sub-Sample 1,FOD-282,Block-3,Stage-2,HH-2,Level 2,N/A,1,Restaurant/Hotel,Driver,Other Labour,Sikhism,Other Backward Class (OBC),20.5 acres,17.3 acres,14.1 acres,No,1,No,Pending,,NSS-14,NSC-26,223711.02,SR-5,SR-3,162630.14,Extended Family,Uttarakhand,DT-875,1039.285
RC-2,FSU-49336,Round 61,SCH-144,Sample 2,Rural,Jharkhand,Pune,Stratum-7,Sub-Stratum-3,N/A,Sub-Round 4,Sub-Sample 1,FOD-197,Block-3,Stage-3,HH-1,Level 1,N/A,10,Manufacture of food products,Doctor,Other Labour,Sikhism,Scheduled Tribe (ST),29.3 acres,4.4 acres,7.0 acres,Yes,1,No,OK,,NSS-2,NSC-28,462302.51,SR-4,SR-5,891460.33,Nuclear Family,Jharkhand,DT-592,394.606
RC-2,FSU-91773,Round 70,SCH-165,Sample 1,Urban,Gujarat,Patna,Stratum-10,Sub-Stratum-5,N/A,Sub-Round 4,Sub-Sample 1,FOD-799,Block-2,Stage-2,HH-5,Level 2,N/A,12,Education services,Nurse,Regular Wage/Salary,Sikhism,Other Backward Class (OBC),11.6 acres,50.2 acres,18.6 acres,Yes,2,No,Pending,,NSS-4,NSC-8,343938.71,SR-5,SR-4,381245.17,Single Member,Gujarat,DT-400,1309.444
RC-1,FSU-46731,Round 75,SCH-140,Sample 1,Rural,Gujarat,Ranchi,Stratum-4,Sub-Stratum-4,N/A,Sub-Round 1,Sub-Sample 2,FOD-699,Block-4,Stage-2,HH-7,Level 3,N/A,8,Retail trade,Farmer/Cultivator,Agricultural Labour,Buddhism,Other Backward Class (OBC),38.7 acres,48.9 acres,5.6 acres,No,2,Yes,Pending,,NSS-1,NSC-3,357018.2,SR-1,SR-2,830902.19,Nuclear Family,Gujarat,DT-687,1859.009
RC-5,FSU-66442,Round 73,SCH-108,Sample 2,Urban,Kerala,Lucknow,Stratum-10,Sub-Stratum-1,N/A,Sub-Round 3,Sub-Sample 2,FOD-318,Block-1,Stage-3,HH-2,Level 3,N/A,2,Retail trade,Carpenter,Regular Wage/Salary,Hinduism,Scheduled Tribe (ST),41.4 acres,27.9 acres,5.7 acres,No,1,No,OK,,NSS-11,NSC-3,132591.81,SR-4,SR-5,789506.84,Extended Family,Kerala,DT-437,555.528
RC-3,FSU-35087,Round 73,SCH-132,Sample 2,Urban,Punjab,Bhopal,Stratum-7,Sub-Stratum-2,N/A,Sub-Round 4,Sub-Sample 2,FOD-253,Block-3,Stage-3,HH-8,Level 1,N/A,4,Retail trade,Blacksmith,Regular Wage/Salary,Jainism,Other Backward Class (OBC),20.4 acres,50.4 acres,26.0 acres,Yes,5,Yes,Pending,,NSS-8,NSC-17,393278.03,SR-3,SR-4,450795.12,Extended Family,Punjab,DT-519,1463.432
RC-5,FSU-40372,Round 63,SCH-180,Sample 2,Rural,Rajasthan,Surat,Stratum-1,Sub-Stratum-3,N/A,Sub-Round 1,Sub-Sample 1,FOD-632,Block-2,Stage-2,HH-6,Level 3,N/A,11,Crop and animal production,Doctor,Others,Hinduism,General/Others,15.7 acres,43.2 acres,20.9 acres,No,2,No,Pending,,NSS-8,NSC-15,329027.45,SR-5,SR-1,654937.55,Single Member,Rajasthan,DT-669,800.87
RC-5,FSU-80735,Round 64,SCH-129,Sample 1,Rural,Maharashtra,Ambala,Stratum-10,Sub-Stratum-2,N/A,Sub-Round 4,Sub-Sample 2,FOD-364,Block-1,Stage-2,HH-4,Level 1,N/A,1,Manufacture of textiles,Teacher,Self-employed in Non-Agriculture,Jainism,Scheduled Caste (SC),30.4 acres,19.4 acres,26.8 acres,Yes,2,Yes,Pending,,NSS-17,NSC-5,419677.41,SR-5,SR-3,530483.14,Joint Family,Maharashtra,DT-808,1160.571
RC-4,FSU-43212,Round 64,SCH-166,Sample 1,Urban,Andhra Pradesh,Dehradun,Stratum-1,Sub-Stratum-2,N/A,Sub-Round 1,Sub-Sample 1,FOD-537,Block-2,Stage-3,HH-8,Level 3,N/A,9,Crop and animal production,Driver,Other Labour,Buddhism,Other Backward Class (OBC),48.1 acres,13.4 acres,21.8 acres,Yes,2,No,Pending,,NSS-14,NSC-20,297010.84,SR-5,SR-2,495416.08,Extended Family,Andhra Pradesh,DT-349,1625.653
RC-2,FSU-90559,Round 75,SCH-128,Sample 2,Urban,Maharashtra,Agra,Stratum-10,Sub-Stratum-2,N/A,Sub-Round 2,Sub-Sample 1,FOD-730,Block-4,Stage-3,HH-5,Level 1,N/A,8,Crop and animal production,Driver,Regular Wage/Salary,Islam,Scheduled Tribe (ST),35.9 acres,0.6 acres,28.3 acres,No,5,No,Pending,,NSS-4,NSC-19,224570.97,SR-4,SR-1,350935.12,Extended Family,Maharashtra,DT-903,521.914
RC-2,FSU-56665,Round 60,SCH-144,Sample 2,Rural,Andhra Pradesh,Pune,Stratum-2,Sub-Stratum-5,N/A,Sub-Round 3,Sub-Sample 2,FOD-651,Block-5,Stage-2,HH-4,Level 2,N/A,5,Manufacture of food products,Mason/Construction Worker,Agricultural Labour,Hinduism,Scheduled Tribe (ST),34.3 acres,16.8 acres,14.0 acres,No,3,No,Pending,,NSS-2,NSC-1,117292.79,SR-5,SR-3,684327.56,Joint Family,Andhra Pradesh,DT-407,1514.763
RC-3,FSU-61653,Round 66,SCH-113,Sample 2,Rural,Jharkhand,Patna,Stratum-8,Sub-Stratum-3,N/A,Sub-Round 3,Sub-Sample 1,FOD-557,Block-5,Stage-3,HH-3,Level 2,N/A,7,Crop and animal production,Driver,Other Labour,Hinduism,Other Backward Class (OBC),43.0 acres,0.5 acres,7.1 acres,Yes,1,No,Pending,,NSS-14,NSC-15,118446.09,SR-1,SR-3,391562.59,Nuclear Family,Jharkhand,DT-150,1819.744
RC-2,FSU-57083,Round 63,SCH-197,Sample 2,Rural,Karnataka,Lucknow,Stratum-10,Sub-Stratum-2,N/A,Sub-Round 3,Sub-Sample 2,FOD-353,Block-5,Stage-2,HH-6,Level 1,N/A,8,Fishing and aquaculture,Engineer,Regular Wage/Salary,Buddhism,General/Others,39.7 acres,24.8 acres,26.0 acres,No,5,Yes,Pending,,NSS-11,NSC-27,403089.91,SR-2,SR-2,669420.31,Joint Family,Karnataka,DT-463,1946.933
RC-2,FSU-17794,Round 63,SCH-172,Sample 2,Rural,Rajasthan,Shimla,Stratum-7,Sub-Stratum-2,N/A,Sub-Round 2,Sub-Sample 1,FOD-998,Block-2,Stage-1,HH-5,Level 3,N/A,11,Restaurant/Hotel,Manager,Regular Wage/Salary,Buddhism,Scheduled Caste (SC),6.1 acres,6.3 acres,5.9 acres,No,3,Yes,Pending,,NSS-10,NSC-15,361388.35,SR-5,SR-2,652450.25,Nuclear Family,Rajasthan,DT-546,1404.427
RC-1,FSU-83146,Round 67,SCH-192,Sample 1,Urban,Tamil Nadu,Bhopal,Stratum-6,Sub-Stratum-4,N/A,Sub-Round 4,Sub-Sample 2,FOD-630,Block-4,Stage-1,HH-4,Level 1,N/A,8,Education services,Weaver,Self-employed in Agriculture,Hinduism,General/Others,10.0 acres,25.6 acres,11.2 acres,No,1,No,OK,,NSS-8,NSC-19,94351.76,SR-2,SR-3,611788.9,Nuclear Family,Tamil Nadu,DT-674,542.732
RC-2,FSU-55509,Round 72,SCH-145,Sample 2,Urban,Odisha,Jaipur,Stratum-3,Sub-Stratum-5,N/A,Sub-Round 4,Sub-Sample 2,FOD-374,Block-1,Stage-2,HH-4,Level 2,N/A,5,Financial services,Shop Keeper,Other Labour,Buddhism,Scheduled Caste (SC),34.6 acres,1.3 acres,14.9 acres,No,5,Yes,Pending,,NSS-7,NSC-22,487941.84,SR-3,SR-4,718831.5,Joint Family,Odisha,DT-831,1747.57
RC-5,FSU-81977,Round 60,SCH-156,Sample 2,Urban,West Bengal,Kolkata,Stratum-8,Sub-Stratum-2,N/A,Sub-Round 2,Sub-Sample 2,FOD-928,Block-5,Stage-1,HH-6,Level 2,N/A,2,Crop and animal production,Nurse,Agricultural Labour,Others,Scheduled Caste (SC),11.4 acres,24.6 acres,5.7 acres,No,1,Yes,Pending,,NSS-5,NSC-26,274234.74,SR-3,SR-3,177679.95,Nuclear Family,West Bengal,DT-726,1368.91
RC-5,FSU-75549,Round 60,SCH-151,Sample 2,Urban,Uttar Pradesh,Guwahati,Stratum-3,Sub-Stratum-2,N/A,Sub-Round 2,Sub-Sample 1,FOD-336,Block-3,Stage-1,HH-3,Level 3,N/A,12,Fishing and aquaculture,Shop Keeper,Self-employed in Agriculture,Others,General/Others,42.0 acres,14.8 acres,26.6 acres,No,4,Yes,OK,,NSS-1,NSC-22,67236.14,SR-3,SR-4,155269.69,Extended Family,Uttar Pradesh,DT-254,1419.062
RC-3,FSU-92254,Round 71,SCH-157,Sample 1,Urban,Assam,Pune,Stratum-2,Sub-Stratum-4,N/A,Sub-Round 4,Sub-Sample 2,FOD-145,Block-1,Stage-3,HH-6,Level 3,N/A,9,Retail trade,Mason/Construction Worker,Others,Buddhism,Scheduled Caste (SC),13.0 acres,27.3 acres,25.5 acres,No,4,Yes,Pending,,NSS-19,NSC-22,121449.05,SR-2,SR-1,784015.16,Nuclear Family,Assam,DT-427,159.103
RC-3,FSU-76662,Round 74,SCH-136,Sample 2,Urban,Bihar,Ambala,Stratum-5,Sub-Stratum-2,N/A,Sub-Round 1,Sub-Sample 1,FOD-665,Block-2,Stage-2,HH-1,Level 1,N/A,9,Education services,Shop Keeper,Regular Wage/Salary,Jainism,Scheduled Caste (SC),20.8 acres,4.1 acres,29.6 acres,Yes,5,Yes,OK,,NSS-8,NSC-5,453221.61,SR-2,SR-1,795326.82,Nuclear Family,Bihar,DT-365,1082.581
RC-3,FSU-68782,Round 68,SCH-174,Sample 2,Urban,Odisha,Hyderabad,Stratum-9,Sub-Stratum-5,N/A,Sub-Round 3,Sub-Sample 1,FOD-454,Block-4,Stage-1,HH-8,Level 3,N/A,9,Retail trade,Office Clerk,Other Labour,Islam,Other Backward Class (OBC),37.0 acres,28.6 acres,11.7 acres,Yes,0,Yes,Pending,,NSS-1,NSC-29,420722.38,SR-3,SR-4,535287.2,Extended Family,Odisha,DT-801,1929.631
RC-1,FSU-63128,Round 74,SCH-148,Sample 2,Rural,Odisha,Shimla,Stratum-10,Sub-Stratum-2,N/A,Sub-Round 4,Sub-Sample 1,FOD-440,Block-5,Stage-1,HH-3,Level 2,N/A,11,Land transport,Domestic Helper,Other Labour,Christianity,Scheduled Caste (SC),15.4 acres,11.2 acres,30.7 acres,Yes,3,Yes,OK,,NSS-10,NSC-30,261240.27,SR-5,SR-4,463659.52,Nuclear Family,Odisha,DT-479,158.404
RC-2,FSU-16254,Round 75,SCH-122,Sample 2,Urban,Odisha,Chennai,Stratum-3,Sub-Stratum-3,N/A,Sub-Round 1,Sub-Sample 1,FOD-840,Block-3,Stage-1,HH-1,Level 3,N/A,5,Construction of buildings,Manager,Other Labour,Sikhism,Other Backward Class (OBC),2.5 acres,39.2 acres,2.3 acres,Yes,4,No,OK,,NSS-6,NSC-10,325428.9,SR-4,SR-3,877204.11,Extended Family,Odisha,DT-109,765.121
RC-1,FSU-85620,Round 63,SCH-144,Sample 2,Urban,Tamil Nadu,Bhubaneswar,Stratum-7,Sub-Stratum-3,N/A,Sub-Round 2,Sub-Sample 2,FOD-516,Block-4,Stage-2,HH-4,Level 2,N/A,4,Retail trade,Agricultural Labourer,Self-employed in Non-Agriculture,Jainism,Other Backward Class (OBC),21.3 acres,50.1 acres,18.5 acres,Yes,5,No,Pending,,NSS-17,NSC-13,493961.76,SR-3,SR-1,377434.88,Extended Family,Tamil Nadu,DT-387,1611.856
RC-1,FSU-12541,Round 69,SCH-116,Sample 1,Rural,Jharkhand,Patna,Stratum-5,Sub-Stratum-2,N/A,Sub-Round 3,Sub-Sample 1,FOD-990,Block-1,Stage-2,HH-6,Level 1,N/A,10,Fishing and aquaculture,Shop Keeper,Agricultural Labour,Christianity,General/Others,48.9 acres,28.4 acres,20.1 acres,Yes,3,No,OK,,NSS-15,NSC-29,77375.74,SR-1,SR-5,118938.86,Nuclear Family,Jharkhand,DT-409,1527.769
RC-2,FSU-22266,Round 61,SCH-190,Sample 2,Urban,Karnataka,Bhubaneswar,Stratum-6,Sub-Stratum-3,N/A,Sub-Round 3,Sub-Sample 2,FOD-321,Block-3,Stage-2,HH-3,Level 2,N/A,2,Land transport,Agricultural Labourer,Other Labour,Sikhism,Scheduled Caste (SC),20.4 acres,39.3 acres,19.8 acres,No,0,Yes,OK,,NSS-14,NSC-9,399074.17,SR-3,SR-5,232068.27,Nuclear Family,Karnataka,DT-743,168.549
RC-3,FSU-78834,Round 69,SCH-148,Sample 1,Urban,Assam,Ludhiana,Stratum-4,Sub-Stratum-2,N/A,Sub-Round 3,Sub-Sample 1,FOD-283,Block-1,Stage-1,HH-4,Level 2,N/A,12,Fishing and aquaculture,Driver,Others,Buddhism,Other Backward Class (OBC),19.2 acres,36.5 acres,3.0 acres,No,2,No,Pending,,NSS-2,NSC-9,169586.99,SR-3,SR-1,377705.46,Single Member,Assam,DT-948,567.636
RC-3,FSU-25432,Round 65,SCH-113,Sample 2,Rural,Uttar Pradesh,Lucknow,Stratum-6,Sub-Stratum-1,N/A,Sub-Round 2,Sub-Sample 2,FOD-336,Block-5,Stage-3,HH-6,Level 1,N/A,3,Retail trade,Driver,Self-employed in Agriculture,Islam,Scheduled Caste (SC),39.4 acres,36.5 acres,8.1 acres,Yes,0,No,OK,,NSS-19,NSC-15,128501.76,SR-2,SR-4,637860.14,Single Member,Uttar Pradesh,DT-773,763.115
RC-5,FSU-30589,Round 70,SCH-132,Sample 2,Rural,Jharkhand,Kozhikode,Stratum-2,Sub-Stratum-2,N/A,Sub-Round 2,Sub-Sample 2,FOD-214,Block-1,Stage-1,HH-5,Level 1,N/A,5,Forestry and logging,Agricultural Labourer,Self-employed in Agriculture,Buddhism,Scheduled Tribe (ST),14.7 acres,13.4 acres,20.7 acres,Yes,5,No,Pending,,NSS-18,NSC-18,188658.73,SR-4,SR-3,726156.7,Joint Family,Jharkhand,DT-193,1791.076
RC-2,FSU-21223,Round 66,SCH-182,Sample 1,Rural,Rajasthan,Surat,Stratum-3,Sub-Stratum-1,N/A,Sub-Round 4,Sub-Sample 1,FOD-412,Block-5,Stage-2,HH-4,Level 2,N/A,8,Manufacture of textiles,Driver,Self-employed in Non-Agriculture,Sikhism,Scheduled Tribe (ST),4.9 acres,36.6 acres,13.4 acres,No,1,No,Pending,,NSS-17,NSC-27,136730.35,SR-4,SR-5,117370.23,Extended Family,Rajasthan,DT-240,1728.008
RC-3,FSU-82845,Round 69,SCH-168,Sample 1,Urban,Punjab,Raipur,Stratum-1,Sub-Stratum-1,N/A,Sub-Round 3,Sub-Sample 2,FOD-716,Block-2,Stage-3,HH-4,Level 2,N/A,9,Construction of buildings,Mason/Construction Worker,Regular Wage/Salary,Jainism,Other Backward Class (OBC),19.6 acres,17.3 acres,16.8 acres,No,0,Yes,Pending,,NSS-11,NSC-15,74105.04,SR-4,SR-2,842976.06,Joint Family,Punjab,DT-770,1470.263
RC-2,FSU-96553,Round 67,SCH-162,Sample 2,Urban,Haryana,Dehradun,Stratum-5,Sub-Stratum-4,N/A,Sub-Round 1,Sub-Sample 2,FOD-533,Block-4,Stage-1,HH-1,Level 2,N/A,6,Financial services,Blacksmith,Others,Islam,General/Others,11.6 acres,12.9 acres,21.4 acres,No,0,Yes,Pending,,NSS-12,NSC-17,459595.86,SR-5,SR-4,248671.26,Joint Family,Haryana,DT-610,953.749
RC-5,FSU-96657,Round 75,SCH-181,Sample 1,Urban,Himachal Pradesh,Dehradun,Stratum-8,Sub-Stratum-1,N/A,Sub-Round 2,Sub-Sample 1,FOD-573,Block-2,Stage-3,HH-4,Level 3,N/A,12,Land transport,Farmer/Cultivator,Self-employed in Non-Agriculture,Buddhism,General/Others,50.3 acres,23.5 acres,28.0 acres,Yes,5,No,Pending,,NSS-15,NSC-8,312778.89,SR-5,SR-2,805995.22,Single Member,Himachal Pradesh,DT-639,1716.972
RC-5,FSU-56880,Round 61,SCH-173,Sample 2,Urban,Haryana,Kolkata,Stratum-1,Sub-Stratum-5,N/A,Sub-Round 4,Sub-Sample 2,FOD-115,Block-5,Stage-2,HH-7,Level 3,N/A,5,Hospital activities,Weaver,Agricultural Labour,Others,Scheduled Tribe (ST),16.0 acres,9.8 acres,2.8 acres,No,0,Yes,OK,,NSS-15,NSC-14,398232.18,SR-2,SR-1,338581.29,Single Member,Haryana,DT-662,1386.856
RC-2,FSU-89385,Round 70,SCH-120,Sample 1,Urban,Jharkhand,Pune,Stratum-5,Sub-Stratum-1,N/A,Sub-Round 4,Sub-Sample 1,FOD-800,Block-4,Stage-3,HH-7,Level 3,N/A,8,Manufacture of textiles,Engineer,Self-employed in Agriculture,Islam,Scheduled Tribe (ST),24.8 acres,18.7 acres,11.7 acres,No,4,Yes,OK,,NSS-15,NSC-13,76437.97,SR-3,SR-3,650824.07,Joint Family,Jharkhand,DT-453,287.876
RC-2,FSU-18401,Round 71,SCH-186,Sample 1,Rural,Chhattisgarh,Jaipur,Stratum-10,Sub-Stratum-4,N/A,Sub-Round 2,Sub-Sample 1,FOD-306,Block-5,Stage-3,HH-2,Level 3,N/A,11,Hospital activities,Carpenter,Agricultural Labour,Others,Scheduled Tribe (ST),5.6 acres,14.4 acres,13.2 acres,No,1,No,OK,,NSS-11,NSC-13,174430.95,SR-5,SR-4,384497.9,Nuclear Family,Chhattisgarh,DT-469,1071.321
RC-1,FSU-55201,Round 73,SCH-186,Sample 1,Rural,Andhra Pradesh,Ranchi,Stratum-9,Sub-Stratum-2,N/A,Sub-Round 3,Sub-Sample 2,FOD-384,Block-5,Stage-3,HH-3,Level 2,N/A,4,Restaurant/Hotel,Weaver,Others,Christianity,Scheduled Tribe (ST),39.0 acres,13.4 acres,14.7 acres,Yes,4,No,Pending,,NSS-5,NSC-22,422052.8,SR-4,SR-4,387622.8,Joint Family,Andhra Pradesh,DT-875,1878.473
RC-1,FSU-75891,Round 63,SCH-194,Sample 1,Urban,West Bengal,Kozhikode,Stratum-5,Sub-Stratum-1,N/A,Sub-Round 3,Sub-Sample 1,FOD-532,Block-4,Stage-2,HH-8,Level 2,N/A,10,Software development,Engineer,Agricultural Labour,Christianity,Scheduled Caste (SC),0.8 acres,39.6 acres,1.7 acres,No,2,Yes,Pending,,NSS-12,NSC-3,407722.81,SR-5,SR-1,242472.64,Joint Family,West Bengal,DT-900,1319.989
RC-1,FSU-93706,Round 72,SCH-172,Sample 1,Urban,Madhya Pradesh,Agra,Stratum-10,Sub-Stratum-4,N/A,Sub-Round 1,Sub-Sample 2,FOD-437,Block-3,Stage-2,HH-6,Level 1,N/A,5,Software development,Domestic Helper,Self-employed in Agriculture,Islam,Scheduled Tribe (ST),41.1 acres,35.1 acres,7.7 acres,No,1,No,OK,,NSS-8,NSC-7,397559.2,SR-3,SR-5,588911.65,Joint Family,Madhya Pradesh,DT-824,1402.432
RC-2,FSU-44413,Round 64,SCH-144,Sample 2,Rural,Kerala,Jaipur,Stratum-10,Sub-Stratum-4,N/A,Sub-Round 3,Sub-Sample 1,FOD-187,Block-1,Stage-2,HH-7,Level 2,N/A,3,Software development,Blacksmith,Regular Wage/Salary,Christianity,General/Others,49.9 acres,49.4 acres,24.5 acres,Yes,5,Yes,OK,,NSS-10,NSC-15,307629.72,SR-3,SR-3,255222.36,Extended Family,Kerala,DT-825,676.348
RC-3,FSU-22264,Round 65,SCH-130,Sample 1,Rural,Madhya Pradesh,Ludhiana,Stratum-1,Sub-Stratum-2,N/A,Sub-Round 3,Sub-Sample 1,FOD-124,Block-5,Stage-2,HH-4,Level 1,N/A,2,Fishing and aquaculture,Blacksmith,Others,Jainism,General/Others,30.2 acres,23.6 acres,30.1 acres,No,1,No,Pending,,NSS-5,NSC-3,412933.15,SR-3,SR-4,149786.16,Joint Family,Madhya Pradesh,DT-389,1495.543
RC-4,FSU-46749,Round 72,SCH-135,Sample 1,Urban,Kerala,Ludhiana,Stratum-6,Sub-Stratum-1,N/A,Sub-Round 3,Sub-Sample 2,FOD-972,Block-1,Stage-3,HH-3,Level 1,N/A,10,Land transport,Domestic Helper,Others,Hinduism,Scheduled Caste (SC),18.7 acres,25.3 acres,5.9 acres,Yes,5,No,OK,,NSS-7,NSC-9,263836.19,SR-1,SR-2,570872.9,Nuclear Family,Kerala,DT-273,769.812
RC-1,FSU-26210,Round 64,SCH-158,Sample 2,Rural,Karnataka,Kolkata,Stratum-1,Sub-Stratum-1,N/A,Sub-Round 3,Sub-Sample 2,FOD-591,Block-1,Stage-1,HH-5,Level 1,N/A,8,Fishing and aquaculture,Driver,Other Labour,Sikhism,Scheduled Tribe (ST),23.1 acres,17.3 acres,25.4 acres,Yes,0,No,Pending,,NSS-16,NSC-16,371027.48,SR-5,SR-5,258882.27,Extended Family,Karnataka,DT-426,1385.321
RC-2,FSU-65675,Round 69,SCH-159,Sample 1,Urban,Tamil Nadu,Kozhikode,Stratum-8,Sub-Stratum-1,N/A,Sub-Round 3,Sub-Sample 2,FOD-495,Block-5,Stage-1,HH-7,Level 1,N/A,4,Retail trade,Agricultural Labourer,Self-employed in Non-Agriculture,Islam,General/Others,28.7 acres,18.0 acres,17.4 acres,Yes,3,Yes,OK,,NSS-18,NSC-23,452016.59,SR-1,SR-3,841358.89,Nuclear Family,Tamil Nadu,DT-328,369.267
RC-4,FSU-59674,Round 64,SCH-144,Sample 1,Urban,Assam,Agra,Stratum-7,Sub-Stratum-5,N/A,Sub-Round 2,Sub-Sample 2,FOD-246,Block-2,Stage-1,HH-6,Level 1,N/A,4,Hospital activities,Domestic Helper,Others,Christianity,Scheduled Caste (SC),39.5 acres,25.0 acres,4.6 acres,No,0,No,Pending,,NSS-6,NSC-13,216047.37,SR-2,SR-5,264540.33,Extended Family,Assam,DT-200,511.238
RC-2,FSU-27384,Round 69,SCH-144,Sample 1,Rural,Madhya Pradesh,Jaipur,Stratum-4,Sub-Stratum-2,N/A,Sub-Round 3,Sub-Sample 2,FOD-886,Block-5,Stage-2,HH-5,Level 1,N/A,5,Construction of buildings,Blacksmith,Regular Wage/Salary,Sikhism,General/Others,32.9 acres,13.8 acres,12.7 acres,Yes,0,Yes,OK,,NSS-3,NSC-18,224103.17,SR-4,SR-4,189035.34,Extended Family,Madhya Pradesh,DT-912,946.281
